timestamp,index,name,utilization.gpu,utilization.memory,memory.used,memory.total,power.draw,temperature.gpu
2026/03/25 04:10:58.646, 0, NVIDIA GeForce GTX 1080 Ti, 0, 0, 3, 11264, 63.65, 58
2026/03/25 04:10:58.649, 1, NVIDIA GeForce GTX 1080 Ti, 0, 0, 3, 11264, 10.30, 40
2026/03/25 04:10:58.652, 2, NVIDIA GeForce GTX 1080 Ti, 0, 0, 3, 11264, 9.44, 32
2026/03/25 04:10:58.654, 3, NVIDIA GeForce GTX 1080 Ti, 0, 0, 3, 11264, 9.34, 33
2026/03/25 04:10:59.657, 0, NVIDIA GeForce GTX 1080 Ti, 0, 0, 3, 11264, 63.68, 58
2026/03/25 04:10:59.659, 1, NVIDIA GeForce GTX 1080 Ti, 0, 0, 3, 11264, 9.72, 40
2026/03/25 04:10:59.662, 2, NVIDIA GeForce GTX 1080 Ti, 0, 0, 3, 11264, 9.34, 32
2026/03/25 04:10:59.664, 3, NVIDIA GeForce GTX 1080 Ti, 0, 0, 3, 11264, 9.44, 33
2026/03/25 04:11:00.667, 0, NVIDIA GeForce GTX 1080 Ti, 0, 0, 5, 11264, 63.58, 58
2026/03/25 04:11:00.673, 1, NVIDIA GeForce GTX 1080 Ti, 0, 0, 143, 11264, 54.14, 41
2026/03/25 04:11:00.676, 2, NVIDIA GeForce GTX 1080 Ti, 0, 0, 143, 11264, 54.30, 32
2026/03/25 04:11:00.678, 3, NVIDIA GeForce GTX 1080 Ti, 0, 0, 5, 11264, 9.53, 33
2026/03/25 04:11:01.681, 0, NVIDIA GeForce GTX 1080 Ti, 0, 0, 5, 11264, 63.78, 57
2026/03/25 04:11:01.683, 1, NVIDIA GeForce GTX 1080 Ti, 0, 0, 3, 11264, 57.43, 41
2026/03/25 04:11:01.686, 2, NVIDIA GeForce GTX 1080 Ti, 0, 0, 3, 11264, 57.91, 34
2026/03/25 04:11:01.694, 3, NVIDIA GeForce GTX 1080 Ti, 0, 0, 3, 11264, 57.43, 34
2026/03/25 04:11:02.697, 0, NVIDIA GeForce GTX 1080 Ti, 0, 0, 7925, 11264, 60.60, 57
2026/03/25 04:11:02.701, 1, NVIDIA GeForce GTX 1080 Ti, 0, 0, 5, 11264, 57.60, 42
2026/03/25 04:11:02.703, 2, NVIDIA GeForce GTX 1080 Ti, 0, 0, 5, 11264, 58.20, 34
2026/03/25 04:11:02.705, 3, NVIDIA GeForce GTX 1080 Ti, 0, 0, 5, 11264, 57.53, 34
2026/03/25 04:11:03.708, 0, NVIDIA GeForce GTX 1080 Ti, 41, 1, 9121, 11264, 65.60, 57
2026/03/25 04:11:03.710, 1, NVIDIA GeForce GTX 1080 Ti, 0, 0, 5, 11264, 55.99, 42
2026/03/25 04:11:03.712, 2, NVIDIA GeForce GTX 1080 Ti, 0, 0, 5, 11264, 56.77, 35
2026/03/25 04:11:03.716, 3, NVIDIA GeForce GTX 1080 Ti, 0, 0, 5, 11264, 55.80, 34
2026/03/25 04:11:04.718, 0, NVIDIA GeForce GTX 1080 Ti, 34, 1, 9121, 11264, 68.87, 57
2026/03/25 04:11:04.720, 1, NVIDIA GeForce GTX 1080 Ti, 0, 0, 5, 11264, 55.89, 42
2026/03/25 04:11:04.722, 2, NVIDIA GeForce GTX 1080 Ti, 0, 0, 5, 11264, 56.79, 35
2026/03/25 04:11:04.725, 3, NVIDIA GeForce GTX 1080 Ti, 0, 0, 5, 11264, 55.80, 35
2026/03/25 04:11:05.727, 0, NVIDIA GeForce GTX 1080 Ti, 13, 0, 9121, 11264, 68.00, 57
2026/03/25 04:11:05.731, 1, NVIDIA GeForce GTX 1080 Ti, 2, 0, 5, 11264, 57.69, 43
2026/03/25 04:11:05.734, 2, NVIDIA GeForce GTX 1080 Ti, 0, 0, 13, 11264, 56.58, 35
2026/03/25 04:11:05.740, 3, NVIDIA GeForce GTX 1080 Ti, 0, 0, 5, 11264, 55.89, 35
2026/03/25 04:11:06.743, 0, NVIDIA GeForce GTX 1080 Ti, 92, 61, 9121, 11264, 242.79, 60
2026/03/25 04:11:06.745, 1, NVIDIA GeForce GTX 1080 Ti, 0, 0, 5, 11264, 57.69, 43
2026/03/25 04:11:06.747, 2, NVIDIA GeForce GTX 1080 Ti, 0, 0, 5, 11264, 58.24, 36
2026/03/25 04:11:06.749, 3, NVIDIA GeForce GTX 1080 Ti, 0, 0, 5, 11264, 57.53, 35
2026/03/25 04:11:07.752, 0, NVIDIA GeForce GTX 1080 Ti, 40, 27, 9121, 11264, 68.57, 59
2026/03/25 04:11:07.756, 1, NVIDIA GeForce GTX 1080 Ti, 0, 0, 5, 11264, 57.60, 43
2026/03/25 04:11:07.758, 2, NVIDIA GeForce GTX 1080 Ti, 0, 0, 5, 11264, 58.33, 36
2026/03/25 04:11:07.771, 3, NVIDIA GeForce GTX 1080 Ti, 0, 0, 5, 11264, 57.43, 35
2026/03/25 04:11:08.774, 0, NVIDIA GeForce GTX 1080 Ti, 81, 56, 9121, 11264, 63.68, 60
2026/03/25 04:11:08.847, 1, NVIDIA GeForce GTX 1080 Ti, 0, 0, 5, 11264, 55.88, 43
2026/03/25 04:11:08.952, 2, NVIDIA GeForce GTX 1080 Ti, 0, 0, 5, 11264, 56.89, 36
2026/03/25 04:11:08.955, 3, NVIDIA GeForce GTX 1080 Ti, 0, 0, 13, 11264, 55.80, 35
2026/03/25 04:11:09.958, 0, NVIDIA GeForce GTX 1080 Ti, 23, 5, 9121, 11264, 233.12, 60
2026/03/25 04:11:09.965, 1, NVIDIA GeForce GTX 1080 Ti, 0, 0, 5, 11264, 55.76, 43
2026/03/25 04:11:09.967, 2, NVIDIA GeForce GTX 1080 Ti, 0, 0, 5, 11264, 56.89, 36
2026/03/25 04:11:09.972, 3, NVIDIA GeForce GTX 1080 Ti, 0, 0, 143, 11264, 54.48, 36
2026/03/25 04:11:10.978, 0, NVIDIA GeForce GTX 1080 Ti, 0, 0, 9121, 11264, 68.67, 60
2026/03/25 04:11:10.981, 1, NVIDIA GeForce GTX 1080 Ti, 0, 0, 5, 11264, 50.23, 43
2026/03/25 04:11:10.983, 2, NVIDIA GeForce GTX 1080 Ti, 0, 0, 5, 11264, 56.98, 36
2026/03/25 04:11:10.985, 3, NVIDIA GeForce GTX 1080 Ti, 0, 0, 143, 11264, 54.55, 36
2026/03/25 04:11:11.987, 0, NVIDIA GeForce GTX 1080 Ti, 0, 0, 9121, 11264, 68.64, 60
2026/03/25 04:11:11.993, 1, NVIDIA GeForce GTX 1080 Ti, 0, 0, 5, 11264, 50.32, 43
2026/03/25 04:11:11.997, 2, NVIDIA GeForce GTX 1080 Ti, 0, 0, 5, 11264, 51.29, 36
2026/03/25 04:11:11.999, 3, NVIDIA GeForce GTX 1080 Ti, 0, 0, 143, 11264, 54.45, 36
2026/03/25 04:11:13.003, 0, NVIDIA GeForce GTX 1080 Ti, 44, 29, 9121, 11264, 69.31, 62
2026/03/25 04:11:13.005, 1, NVIDIA GeForce GTX 1080 Ti, 0, 0, 5, 11264, 50.40, 43
2026/03/25 04:11:13.008, 2, NVIDIA GeForce GTX 1080 Ti, 0, 0, 5, 11264, 51.22, 36
2026/03/25 04:11:13.010, 3, NVIDIA GeForce GTX 1080 Ti, 0, 0, 143, 11264, 54.55, 36
2026/03/25 04:11:14.012, 0, NVIDIA GeForce GTX 1080 Ti, 91, 60, 9121, 11264, 241.98, 63
2026/03/25 04:11:14.015, 1, NVIDIA GeForce GTX 1080 Ti, 0, 0, 5, 11264, 12.12, 43
2026/03/25 04:11:14.017, 2, NVIDIA GeForce GTX 1080 Ti, 0, 0, 5, 11264, 12.70, 36
2026/03/25 04:11:14.020, 3, NVIDIA GeForce GTX 1080 Ti, 0, 0, 143, 11264, 54.58, 36
2026/03/25 04:11:15.028, 0, NVIDIA GeForce GTX 1080 Ti, 92, 61, 9121, 11264, 249.73, 63
2026/03/25 04:11:15.030, 1, NVIDIA GeForce GTX 1080 Ti, 0, 0, 5, 11264, 12.12, 42
2026/03/25 04:11:15.033, 2, NVIDIA GeForce GTX 1080 Ti, 0, 0, 5, 11264, 12.71, 35
2026/03/25 04:11:15.035, 3, NVIDIA GeForce GTX 1080 Ti, 0, 0, 143, 11264, 54.77, 36
2026/03/25 04:11:16.038, 0, NVIDIA GeForce GTX 1080 Ti, 93, 46, 9121, 11264, 248.69, 63
2026/03/25 04:11:16.040, 1, NVIDIA GeForce GTX 1080 Ti, 0, 0, 5, 11264, 12.22, 42
2026/03/25 04:11:16.043, 2, NVIDIA GeForce GTX 1080 Ti, 0, 0, 5, 11264, 12.42, 35
2026/03/25 04:11:16.045, 3, NVIDIA GeForce GTX 1080 Ti, 0, 0, 143, 11264, 54.65, 36
2026/03/25 04:11:17.048, 0, NVIDIA GeForce GTX 1080 Ti, 0, 0, 9121, 11264, 202.84, 62
2026/03/25 04:11:17.052, 1, NVIDIA GeForce GTX 1080 Ti, 0, 0, 5, 11264, 12.99, 42
2026/03/25 04:11:17.063, 2, NVIDIA GeForce GTX 1080 Ti, 0, 0, 5, 11264, 10.01, 35
2026/03/25 04:11:17.066, 3, NVIDIA GeForce GTX 1080 Ti, 0, 0, 143, 11264, 54.65, 37
2026/03/25 04:11:18.068, 0, NVIDIA GeForce GTX 1080 Ti, 0, 0, 9121, 11264, 69.12, 62
2026/03/25 04:11:18.070, 1, NVIDIA GeForce GTX 1080 Ti, 0, 0, 5, 11264, 10.40, 42
2026/03/25 04:11:18.073, 2, NVIDIA GeForce GTX 1080 Ti, 0, 0, 5, 11264, 9.53, 35
2026/03/25 04:11:18.076, 3, NVIDIA GeForce GTX 1080 Ti, 0, 0, 143, 11264, 54.65, 37
2026/03/25 04:11:19.078, 0, NVIDIA GeForce GTX 1080 Ti, 60, 40, 9121, 11264, 69.60, 63
2026/03/25 04:11:19.082, 1, NVIDIA GeForce GTX 1080 Ti, 0, 0, 5, 11264, 9.05, 42
2026/03/25 04:11:19.084, 2, NVIDIA GeForce GTX 1080 Ti, 0, 0, 5, 11264, 9.82, 35
2026/03/25 04:11:19.087, 3, NVIDIA GeForce GTX 1080 Ti, 0, 0, 143, 11264, 54.55, 37
2026/03/25 04:11:20.089, 0, NVIDIA GeForce GTX 1080 Ti, 94, 63, 9121, 11264, 234.98, 65
2026/03/25 04:11:20.092, 1, NVIDIA GeForce GTX 1080 Ti, 0, 0, 5, 11264, 9.14, 41
2026/03/25 04:11:20.094, 2, NVIDIA GeForce GTX 1080 Ti, 0, 0, 5, 11264, 9.72, 34
2026/03/25 04:11:20.097, 3, NVIDIA GeForce GTX 1080 Ti, 0, 0, 143, 11264, 54.85, 37
2026/03/25 04:11:21.102, 0, NVIDIA GeForce GTX 1080 Ti, 100, 26, 9121, 11264, 257.48, 65
2026/03/25 04:11:21.105, 1, NVIDIA GeForce GTX 1080 Ti, 0, 0, 5, 11264, 9.24, 41
2026/03/25 04:11:21.107, 2, NVIDIA GeForce GTX 1080 Ti, 0, 0, 5, 11264, 9.73, 34
2026/03/25 04:11:21.110, 3, NVIDIA GeForce GTX 1080 Ti, 0, 0, 143, 11264, 54.67, 37
2026/03/25 04:11:22.112, 0, NVIDIA GeForce GTX 1080 Ti, 100, 25, 9121, 11264, 240.63, 66
2026/03/25 04:11:22.124, 1, NVIDIA GeForce GTX 1080 Ti, 0, 0, 5, 11264, 9.43, 41
2026/03/25 04:11:22.127, 2, NVIDIA GeForce GTX 1080 Ti, 0, 0, 5, 11264, 12.13, 34
2026/03/25 04:11:22.134, 3, NVIDIA GeForce GTX 1080 Ti, 0, 0, 143, 11264, 54.76, 37
2026/03/25 04:11:23.136, 0, NVIDIA GeForce GTX 1080 Ti, 100, 25, 9121, 11264, 244.78, 67
2026/03/25 04:11:23.166, 1, NVIDIA GeForce GTX 1080 Ti, 0, 0, 5, 11264, 9.33, 41
2026/03/25 04:11:23.176, 2, NVIDIA GeForce GTX 1080 Ti, 0, 0, 5, 11264, 10.02, 34
2026/03/25 04:11:23.179, 3, NVIDIA GeForce GTX 1080 Ti, 0, 0, 143, 11264, 54.87, 37
2026/03/25 04:11:24.181, 0, NVIDIA GeForce GTX 1080 Ti, 100, 23, 9121, 11264, 235.74, 68
2026/03/25 04:11:24.183, 1, NVIDIA GeForce GTX 1080 Ti, 0, 0, 5, 11264, 9.04, 41
2026/03/25 04:11:24.186, 2, NVIDIA GeForce GTX 1080 Ti, 0, 0, 5, 11264, 9.92, 34
2026/03/25 04:11:24.189, 3, NVIDIA GeForce GTX 1080 Ti, 0, 0, 143, 11264, 54.77, 37
2026/03/25 04:11:25.192, 0, NVIDIA GeForce GTX 1080 Ti, 92, 62, 9121, 11264, 239.46, 68
2026/03/25 04:11:25.194, 1, NVIDIA GeForce GTX 1080 Ti, 0, 0, 5, 11264, 9.04, 41
2026/03/25 04:11:25.197, 2, NVIDIA GeForce GTX 1080 Ti, 0, 0, 5, 11264, 9.73, 34
2026/03/25 04:11:25.199, 3, NVIDIA GeForce GTX 1080 Ti, 0, 0, 143, 11264, 54.96, 37
2026/03/25 04:11:26.204, 0, NVIDIA GeForce GTX 1080 Ti, 93, 62, 9121, 11264, 240.78, 69
2026/03/25 04:11:26.212, 1, NVIDIA GeForce GTX 1080 Ti, 0, 0, 5, 11264, 9.24, 41
2026/03/25 04:11:26.215, 2, NVIDIA GeForce GTX 1080 Ti, 0, 0, 5, 11264, 9.73, 34
2026/03/25 04:11:26.217, 3, NVIDIA GeForce GTX 1080 Ti, 0, 0, 143, 11264, 50.73, 38
2026/03/25 04:11:27.220, 0, NVIDIA GeForce GTX 1080 Ti, 23, 16, 9121, 11264, 70.11, 67
2026/03/25 04:11:27.222, 1, NVIDIA GeForce GTX 1080 Ti, 0, 0, 5, 11264, 8.95, 40
2026/03/25 04:11:27.225, 2, NVIDIA GeForce GTX 1080 Ti, 0, 0, 5, 11264, 9.44, 34
2026/03/25 04:11:27.227, 3, NVIDIA GeForce GTX 1080 Ti, 0, 0, 143, 11264, 50.61, 38
2026/03/25 04:11:28.229, 0, NVIDIA GeForce GTX 1080 Ti, 100, 27, 9121, 11264, 246.98, 70
2026/03/25 04:11:28.238, 1, NVIDIA GeForce GTX 1080 Ti, 0, 0, 5, 11264, 8.95, 40
2026/03/25 04:11:28.240, 2, NVIDIA GeForce GTX 1080 Ti, 0, 0, 5, 11264, 9.34, 34
2026/03/25 04:11:28.243, 3, NVIDIA GeForce GTX 1080 Ti, 0, 0, 143, 11264, 50.64, 38
2026/03/25 04:11:29.261, 0, NVIDIA GeForce GTX 1080 Ti, 100, 26, 9121, 11264, 241.78, 70
2026/03/25 04:11:29.271, 1, NVIDIA GeForce GTX 1080 Ti, 0, 0, 5, 11264, 9.33, 40
2026/03/25 04:11:29.273, 2, NVIDIA GeForce GTX 1080 Ti, 0, 0, 5, 11264, 9.34, 33
2026/03/25 04:11:29.276, 3, NVIDIA GeForce GTX 1080 Ti, 0, 0, 143, 11264, 12.31, 37
2026/03/25 04:11:30.279, 0, NVIDIA GeForce GTX 1080 Ti, 95, 24, 9121, 11264, 192.89, 71
2026/03/25 04:11:30.281, 1, NVIDIA GeForce GTX 1080 Ti, 0, 0, 5, 11264, 9.24, 40
2026/03/25 04:11:30.283, 2, NVIDIA GeForce GTX 1080 Ti, 0, 0, 5, 11264, 9.25, 33
2026/03/25 04:11:30.286, 3, NVIDIA GeForce GTX 1080 Ti, 0, 0, 143, 11264, 12.60, 37
2026/03/25 04:11:31.289, 0, NVIDIA GeForce GTX 1080 Ti, 98, 25, 9121, 11264, 245.27, 72
2026/03/25 04:11:31.291, 1, NVIDIA GeForce GTX 1080 Ti, 0, 0, 5, 11264, 9.14, 40
2026/03/25 04:11:31.294, 2, NVIDIA GeForce GTX 1080 Ti, 0, 0, 5, 11264, 9.54, 33
2026/03/25 04:11:31.296, 3, NVIDIA GeForce GTX 1080 Ti, 0, 0, 143, 11264, 9.72, 37
2026/03/25 04:11:32.301, 0, NVIDIA GeForce GTX 1080 Ti, 90, 60, 9121, 11264, 244.67, 72
2026/03/25 04:11:32.304, 1, NVIDIA GeForce GTX 1080 Ti, 0, 0, 5, 11264, 8.95, 40
2026/03/25 04:11:32.306, 2, NVIDIA GeForce GTX 1080 Ti, 0, 0, 5, 11264, 9.44, 33
2026/03/25 04:11:32.309, 3, NVIDIA GeForce GTX 1080 Ti, 0, 0, 143, 11264, 9.43, 37
2026/03/25 04:11:33.312, 0, NVIDIA GeForce GTX 1080 Ti, 94, 63, 9121, 11264, 247.63, 73
2026/03/25 04:11:33.314, 1, NVIDIA GeForce GTX 1080 Ti, 0, 0, 5, 11264, 8.85, 40
2026/03/25 04:11:33.317, 2, NVIDIA GeForce GTX 1080 Ti, 0, 0, 5, 11264, 9.54, 33
2026/03/25 04:11:33.319, 3, NVIDIA GeForce GTX 1080 Ti, 0, 0, 143, 11264, 9.43, 37
2026/03/25 04:11:34.322, 0, NVIDIA GeForce GTX 1080 Ti, 93, 62, 9121, 11264, 249.16, 73
2026/03/25 04:11:34.324, 1, NVIDIA GeForce GTX 1080 Ti, 0, 0, 5, 11264, 9.34, 40
2026/03/25 04:11:34.327, 2, NVIDIA GeForce GTX 1080 Ti, 0, 0, 5, 11264, 9.73, 33
2026/03/25 04:11:34.330, 3, NVIDIA GeForce GTX 1080 Ti, 0, 0, 143, 11264, 9.52, 37
2026/03/25 04:11:35.332, 0, NVIDIA GeForce GTX 1080 Ti, 25, 7, 9121, 11264, 243.72, 72
2026/03/25 04:11:35.340, 1, NVIDIA GeForce GTX 1080 Ti, 0, 0, 5, 11264, 9.53, 40
2026/03/25 04:11:35.343, 2, NVIDIA GeForce GTX 1080 Ti, 0, 0, 5, 11264, 9.63, 33
2026/03/25 04:11:35.345, 3, NVIDIA GeForce GTX 1080 Ti, 0, 0, 143, 11264, 9.81, 36
2026/03/25 04:11:36.348, 0, NVIDIA GeForce GTX 1080 Ti, 100, 26, 9121, 11264, 245.41, 74
2026/03/25 04:11:36.350, 1, NVIDIA GeForce GTX 1080 Ti, 0, 0, 5, 11264, 9.43, 40
2026/03/25 04:11:36.353, 2, NVIDIA GeForce GTX 1080 Ti, 0, 0, 5, 11264, 9.54, 33
2026/03/25 04:11:36.356, 3, NVIDIA GeForce GTX 1080 Ti, 0, 0, 143, 11264, 9.72, 36
2026/03/25 04:11:37.358, 0, NVIDIA GeForce GTX 1080 Ti, 100, 25, 9121, 11264, 250.67, 74
2026/03/25 04:11:37.368, 1, NVIDIA GeForce GTX 1080 Ti, 0, 0, 5, 11264, 9.15, 40
2026/03/25 04:11:37.371, 2, NVIDIA GeForce GTX 1080 Ti, 0, 0, 5, 11264, 9.73, 33
2026/03/25 04:11:37.373, 3, NVIDIA GeForce GTX 1080 Ti, 0, 0, 143, 11264, 9.63, 36
2026/03/25 04:11:38.376, 0, NVIDIA GeForce GTX 1080 Ti, 100, 24, 9121, 11264, 257.81, 75
2026/03/25 04:11:38.379, 1, NVIDIA GeForce GTX 1080 Ti, 0, 0, 5, 11264, 9.05, 39
2026/03/25 04:11:38.381, 2, NVIDIA GeForce GTX 1080 Ti, 0, 0, 5, 11264, 10.02, 33
2026/03/25 04:11:38.385, 3, NVIDIA GeForce GTX 1080 Ti, 0, 0, 143, 11264, 9.53, 36
2026/03/25 04:11:39.387, 0, NVIDIA GeForce GTX 1080 Ti, 94, 63, 9121, 11264, 259.14, 75
2026/03/25 04:11:39.390, 1, NVIDIA GeForce GTX 1080 Ti, 0, 0, 5, 11264, 9.04, 39
2026/03/25 04:11:39.392, 2, NVIDIA GeForce GTX 1080 Ti, 0, 0, 5, 11264, 9.83, 33
2026/03/25 04:11:39.395, 3, NVIDIA GeForce GTX 1080 Ti, 0, 0, 143, 11264, 9.53, 36
2026/03/25 04:11:40.400, 0, NVIDIA GeForce GTX 1080 Ti, 91, 61, 9121, 11264, 239.18, 75
2026/03/25 04:11:40.404, 1, NVIDIA GeForce GTX 1080 Ti, 0, 0, 5, 11264, 8.76, 39
2026/03/25 04:11:40.407, 2, NVIDIA GeForce GTX 1080 Ti, 0, 0, 5, 11264, 9.54, 33
2026/03/25 04:11:40.409, 3, NVIDIA GeForce GTX 1080 Ti, 0, 0, 143, 11264, 9.43, 36
2026/03/25 04:11:41.412, 0, NVIDIA GeForce GTX 1080 Ti, 0, 0, 9121, 11264, 71.32, 73
2026/03/25 04:11:41.415, 1, NVIDIA GeForce GTX 1080 Ti, 0, 0, 5, 11264, 8.85, 39
2026/03/25 04:11:41.418, 2, NVIDIA GeForce GTX 1080 Ti, 0, 0, 5, 11264, 9.63, 33
2026/03/25 04:11:41.420, 3, NVIDIA GeForce GTX 1080 Ti, 0, 0, 143, 11264, 9.53, 36
2026/03/25 04:11:42.423, 0, NVIDIA GeForce GTX 1080 Ti, 100, 27, 9121, 11264, 225.26, 76
2026/03/25 04:11:42.426, 1, NVIDIA GeForce GTX 1080 Ti, 0, 0, 5, 11264, 8.95, 39
2026/03/25 04:11:42.428, 2, NVIDIA GeForce GTX 1080 Ti, 0, 0, 5, 11264, 9.73, 33
2026/03/25 04:11:42.431, 3, NVIDIA GeForce GTX 1080 Ti, 0, 0, 143, 11264, 9.44, 36
2026/03/25 04:11:43.434, 0, NVIDIA GeForce GTX 1080 Ti, 97, 25, 9121, 11264, 241.49, 76
2026/03/25 04:11:43.436, 1, NVIDIA GeForce GTX 1080 Ti, 0, 0, 5, 11264, 9.05, 39
2026/03/25 04:11:43.438, 2, NVIDIA GeForce GTX 1080 Ti, 0, 0, 5, 11264, 9.73, 33
2026/03/25 04:11:43.441, 3, NVIDIA GeForce GTX 1080 Ti, 0, 0, 143, 11264, 9.34, 36
2026/03/25 04:11:44.444, 0, NVIDIA GeForce GTX 1080 Ti, 97, 25, 9121, 11264, 260.60, 77
2026/03/25 04:11:44.456, 1, NVIDIA GeForce GTX 1080 Ti, 0, 0, 5, 11264, 9.14, 39
2026/03/25 04:11:44.458, 2, NVIDIA GeForce GTX 1080 Ti, 0, 0, 5, 11264, 9.54, 33
2026/03/25 04:11:44.461, 3, NVIDIA GeForce GTX 1080 Ti, 0, 0, 143, 11264, 9.34, 35
2026/03/25 04:11:45.463, 0, NVIDIA GeForce GTX 1080 Ti, 95, 64, 9121, 11264, 242.76, 77
2026/03/25 04:11:45.466, 1, NVIDIA GeForce GTX 1080 Ti, 0, 0, 5, 11264, 9.43, 39
2026/03/25 04:11:45.468, 2, NVIDIA GeForce GTX 1080 Ti, 0, 0, 5, 11264, 9.35, 33
2026/03/25 04:11:45.471, 3, NVIDIA GeForce GTX 1080 Ti, 0, 0, 143, 11264, 9.05, 35
2026/03/25 04:11:46.474, 0, NVIDIA GeForce GTX 1080 Ti, 94, 63, 9121, 11264, 106.24, 77
2026/03/25 04:11:46.481, 1, NVIDIA GeForce GTX 1080 Ti, 0, 0, 5, 11264, 8.85, 39
2026/03/25 04:11:46.484, 2, NVIDIA GeForce GTX 1080 Ti, 0, 0, 5, 11264, 9.53, 33
2026/03/25 04:11:46.486, 3, NVIDIA GeForce GTX 1080 Ti, 0, 0, 143, 11264, 9.43, 35
2026/03/25 04:11:47.489, 0, NVIDIA GeForce GTX 1080 Ti, 100, 27, 9121, 11264, 246.08, 77
2026/03/25 04:11:47.491, 1, NVIDIA GeForce GTX 1080 Ti, 0, 0, 5, 11264, 9.14, 39
2026/03/25 04:11:47.494, 2, NVIDIA GeForce GTX 1080 Ti, 0, 0, 5, 11264, 9.44, 33
2026/03/25 04:11:47.497, 3, NVIDIA GeForce GTX 1080 Ti, 0, 0, 143, 11264, 9.24, 35
2026/03/25 04:11:48.499, 0, NVIDIA GeForce GTX 1080 Ti, 100, 26, 9121, 11264, 247.32, 78
2026/03/25 04:11:48.501, 1, NVIDIA GeForce GTX 1080 Ti, 0, 0, 5, 11264, 9.05, 39
2026/03/25 04:11:48.504, 2, NVIDIA GeForce GTX 1080 Ti, 0, 0, 5, 11264, 9.25, 33
2026/03/25 04:11:48.507, 3, NVIDIA GeForce GTX 1080 Ti, 0, 0, 143, 11264, 9.24, 35
2026/03/25 04:11:49.509, 0, NVIDIA GeForce GTX 1080 Ti, 100, 24, 9121, 11264, 229.20, 78
2026/03/25 04:11:49.519, 1, NVIDIA GeForce GTX 1080 Ti, 0, 0, 5, 11264, 8.95, 39
2026/03/25 04:11:49.522, 2, NVIDIA GeForce GTX 1080 Ti, 0, 0, 5, 11264, 9.73, 32
2026/03/25 04:11:49.524, 3, NVIDIA GeForce GTX 1080 Ti, 0, 0, 143, 11264, 9.15, 35
2026/03/25 04:11:50.527, 0, NVIDIA GeForce GTX 1080 Ti, 100, 24, 9121, 11264, 220.60, 78
2026/03/25 04:11:50.529, 1, NVIDIA GeForce GTX 1080 Ti, 0, 0, 5, 11264, 8.85, 39
2026/03/25 04:11:50.532, 2, NVIDIA GeForce GTX 1080 Ti, 0, 0, 5, 11264, 9.54, 33
2026/03/25 04:11:50.535, 3, NVIDIA GeForce GTX 1080 Ti, 0, 0, 143, 11264, 9.15, 35
2026/03/25 04:11:51.537, 0, NVIDIA GeForce GTX 1080 Ti, 93, 62, 9121, 11264, 247.25, 78
2026/03/25 04:11:51.540, 1, NVIDIA GeForce GTX 1080 Ti, 0, 0, 5, 11264, 9.24, 39
2026/03/25 04:11:51.542, 2, NVIDIA GeForce GTX 1080 Ti, 0, 0, 5, 11264, 9.73, 32
2026/03/25 04:11:51.545, 3, NVIDIA GeForce GTX 1080 Ti, 0, 0, 143, 11264, 9.53, 35
2026/03/25 04:11:52.548, 0, NVIDIA GeForce GTX 1080 Ti, 0, 0, 9121, 11264, 71.23, 76
2026/03/25 04:11:52.550, 1, NVIDIA GeForce GTX 1080 Ti, 0, 0, 5, 11264, 9.43, 39
2026/03/25 04:11:52.553, 2, NVIDIA GeForce GTX 1080 Ti, 0, 0, 5, 11264, 9.73, 32
2026/03/25 04:11:52.555, 3, NVIDIA GeForce GTX 1080 Ti, 0, 0, 143, 11264, 9.53, 35
2026/03/25 04:11:53.558, 0, NVIDIA GeForce GTX 1080 Ti, 100, 27, 9121, 11264, 224.15, 79
2026/03/25 04:11:53.561, 1, NVIDIA GeForce GTX 1080 Ti, 0, 0, 5, 11264, 9.05, 38
2026/03/25 04:11:53.563, 2, NVIDIA GeForce GTX 1080 Ti, 0, 0, 5, 11264, 9.54, 32
2026/03/25 04:11:53.566, 3, NVIDIA GeForce GTX 1080 Ti, 0, 0, 143, 11264, 9.54, 35
2026/03/25 04:11:54.569, 0, NVIDIA GeForce GTX 1080 Ti, 100, 25, 9121, 11264, 242.93, 79
2026/03/25 04:11:54.571, 1, NVIDIA GeForce GTX 1080 Ti, 0, 0, 5, 11264, 8.76, 38
2026/03/25 04:11:54.573, 2, NVIDIA GeForce GTX 1080 Ti, 0, 0, 5, 11264, 9.44, 32
2026/03/25 04:11:54.576, 3, NVIDIA GeForce GTX 1080 Ti, 0, 0, 143, 11264, 9.44, 35
2026/03/25 04:11:55.579, 0, NVIDIA GeForce GTX 1080 Ti, 98, 25, 9121, 11264, 233.10, 79
2026/03/25 04:11:55.581, 1, NVIDIA GeForce GTX 1080 Ti, 0, 0, 5, 11264, 8.66, 38
2026/03/25 04:11:55.584, 2, NVIDIA GeForce GTX 1080 Ti, 0, 0, 5, 11264, 9.44, 32
2026/03/25 04:11:55.586, 3, NVIDIA GeForce GTX 1080 Ti, 0, 0, 143, 11264, 9.44, 35
2026/03/25 04:11:56.589, 0, NVIDIA GeForce GTX 1080 Ti, 93, 62, 9121, 11264, 241.56, 79
2026/03/25 04:11:56.594, 1, NVIDIA GeForce GTX 1080 Ti, 0, 0, 5, 11264, 8.85, 38
2026/03/25 04:11:56.597, 2, NVIDIA GeForce GTX 1080 Ti, 0, 0, 5, 11264, 9.73, 32
2026/03/25 04:11:56.599, 3, NVIDIA GeForce GTX 1080 Ti, 0, 0, 143, 11264, 9.24, 35
2026/03/25 04:11:57.602, 0, NVIDIA GeForce GTX 1080 Ti, 93, 62, 9121, 11264, 242.22, 80
2026/03/25 04:11:57.604, 1, NVIDIA GeForce GTX 1080 Ti, 0, 0, 5, 11264, 8.76, 38
2026/03/25 04:11:57.607, 2, NVIDIA GeForce GTX 1080 Ti, 0, 0, 5, 11264, 9.63, 32
2026/03/25 04:11:57.609, 3, NVIDIA GeForce GTX 1080 Ti, 0, 0, 143, 11264, 9.24, 34
2026/03/25 04:11:58.612, 0, NVIDIA GeForce GTX 1080 Ti, 0, 0, 9121, 11264, 243.58, 78
2026/03/25 04:11:58.627, 1, NVIDIA GeForce GTX 1080 Ti, 0, 0, 5, 11264, 8.95, 38
2026/03/25 04:11:58.630, 2, NVIDIA GeForce GTX 1080 Ti, 0, 0, 5, 11264, 9.73, 32
2026/03/25 04:11:58.633, 3, NVIDIA GeForce GTX 1080 Ti, 0, 0, 143, 11264, 9.44, 34
2026/03/25 04:11:59.636, 0, NVIDIA GeForce GTX 1080 Ti, 100, 27, 9121, 11264, 245.34, 80
2026/03/25 04:11:59.640, 1, NVIDIA GeForce GTX 1080 Ti, 0, 0, 5, 11264, 8.86, 38
2026/03/25 04:11:59.642, 2, NVIDIA GeForce GTX 1080 Ti, 0, 0, 5, 11264, 9.63, 32
2026/03/25 04:11:59.645, 3, NVIDIA GeForce GTX 1080 Ti, 0, 0, 143, 11264, 9.54, 34
2026/03/25 04:12:00.647, 0, NVIDIA GeForce GTX 1080 Ti, 100, 24, 9121, 11264, 229.30, 80
2026/03/25 04:12:00.659, 1, NVIDIA GeForce GTX 1080 Ti, 0, 0, 5, 11264, 8.85, 38
2026/03/25 04:12:00.662, 2, NVIDIA GeForce GTX 1080 Ti, 0, 0, 5, 11264, 9.44, 32
2026/03/25 04:12:00.664, 3, NVIDIA GeForce GTX 1080 Ti, 0, 0, 143, 11264, 9.24, 34
2026/03/25 04:12:01.667, 0, NVIDIA GeForce GTX 1080 Ti, 94, 56, 9121, 11264, 220.72, 80
2026/03/25 04:12:01.669, 1, NVIDIA GeForce GTX 1080 Ti, 0, 0, 5, 11264, 8.76, 38
2026/03/25 04:12:01.672, 2, NVIDIA GeForce GTX 1080 Ti, 0, 0, 5, 11264, 9.73, 32
2026/03/25 04:12:01.674, 3, NVIDIA GeForce GTX 1080 Ti, 0, 0, 143, 11264, 9.44, 34
2026/03/25 04:12:02.680, 0, NVIDIA GeForce GTX 1080 Ti, 90, 61, 9121, 11264, 234.10, 80
2026/03/25 04:12:02.684, 1, NVIDIA GeForce GTX 1080 Ti, 0, 0, 5, 11264, 8.76, 38
2026/03/25 04:12:02.686, 2, NVIDIA GeForce GTX 1080 Ti, 0, 0, 5, 11264, 9.44, 32
2026/03/25 04:12:02.689, 3, NVIDIA GeForce GTX 1080 Ti, 0, 0, 143, 11264, 9.24, 34
2026/03/25 04:12:03.692, 0, NVIDIA GeForce GTX 1080 Ti, 0, 0, 9121, 11264, 72.00, 78
2026/03/25 04:12:03.694, 1, NVIDIA GeForce GTX 1080 Ti, 0, 0, 5, 11264, 9.24, 38
2026/03/25 04:12:03.698, 2, NVIDIA GeForce GTX 1080 Ti, 0, 0, 5, 11264, 9.34, 32
2026/03/25 04:12:03.700, 3, NVIDIA GeForce GTX 1080 Ti, 0, 0, 143, 11264, 9.15, 34
2026/03/25 04:12:04.703, 0, NVIDIA GeForce GTX 1080 Ti, 100, 27, 9121, 11264, 239.89, 80
2026/03/25 04:12:04.713, 1, NVIDIA GeForce GTX 1080 Ti, 0, 0, 5, 11264, 9.14, 38
2026/03/25 04:12:04.716, 2, NVIDIA GeForce GTX 1080 Ti, 0, 0, 5, 11264, 9.25, 32
2026/03/25 04:12:04.718, 3, NVIDIA GeForce GTX 1080 Ti, 0, 0, 143, 11264, 9.05, 34
2026/03/25 04:12:05.721, 0, NVIDIA GeForce GTX 1080 Ti, 97, 25, 9121, 11264, 267.64, 81
2026/03/25 04:12:05.723, 1, NVIDIA GeForce GTX 1080 Ti, 0, 0, 5, 11264, 8.85, 38
2026/03/25 04:12:05.726, 2, NVIDIA GeForce GTX 1080 Ti, 0, 0, 5, 11264, 9.25, 32
2026/03/25 04:12:05.728, 3, NVIDIA GeForce GTX 1080 Ti, 0, 0, 143, 11264, 9.15, 34
2026/03/25 04:12:06.731, 0, NVIDIA GeForce GTX 1080 Ti, 99, 25, 9121, 11264, 258.96, 81
2026/03/25 04:12:06.733, 1, NVIDIA GeForce GTX 1080 Ti, 0, 0, 5, 11264, 8.76, 38
2026/03/25 04:12:06.736, 2, NVIDIA GeForce GTX 1080 Ti, 0, 0, 5, 11264, 9.44, 32
2026/03/25 04:12:06.738, 3, NVIDIA GeForce GTX 1080 Ti, 0, 0, 143, 11264, 9.24, 34
2026/03/25 04:12:07.741, 0, NVIDIA GeForce GTX 1080 Ti, 92, 62, 9121, 11264, 244.56, 81
2026/03/25 04:12:07.744, 1, NVIDIA GeForce GTX 1080 Ti, 0, 0, 5, 11264, 8.85, 38
2026/03/25 04:12:07.746, 2, NVIDIA GeForce GTX 1080 Ti, 0, 0, 5, 11264, 9.15, 32
2026/03/25 04:12:07.749, 3, NVIDIA GeForce GTX 1080 Ti, 0, 0, 143, 11264, 9.24, 34
2026/03/25 04:12:08.754, 0, NVIDIA GeForce GTX 1080 Ti, 0, 0, 9121, 11264, 276.81, 78
2026/03/25 04:12:08.759, 1, NVIDIA GeForce GTX 1080 Ti, 0, 0, 5, 11264, 9.14, 38
2026/03/25 04:12:08.762, 2, NVIDIA GeForce GTX 1080 Ti, 0, 0, 5, 11264, 9.44, 32
2026/03/25 04:12:08.765, 3, NVIDIA GeForce GTX 1080 Ti, 0, 0, 143, 11264, 9.25, 34
2026/03/25 04:12:09.767, 0, NVIDIA GeForce GTX 1080 Ti, 94, 62, 9121, 11264, 219.62, 81
2026/03/25 04:12:09.770, 1, NVIDIA GeForce GTX 1080 Ti, 0, 0, 5, 11264, 9.14, 38
2026/03/25 04:12:09.772, 2, NVIDIA GeForce GTX 1080 Ti, 0, 0, 5, 11264, 9.63, 32
2026/03/25 04:12:09.775, 3, NVIDIA GeForce GTX 1080 Ti, 0, 0, 143, 11264, 9.24, 34
2026/03/25 04:12:10.778, 0, NVIDIA GeForce GTX 1080 Ti, 91, 60, 9121, 11264, 231.54, 80
2026/03/25 04:12:10.780, 1, NVIDIA GeForce GTX 1080 Ti, 0, 0, 5, 11264, 9.04, 38
2026/03/25 04:12:10.783, 2, NVIDIA GeForce GTX 1080 Ti, 0, 0, 5, 11264, 9.63, 32
2026/03/25 04:12:10.785, 3, NVIDIA GeForce GTX 1080 Ti, 0, 0, 143, 11264, 9.72, 34
2026/03/25 04:12:11.791, 0, NVIDIA GeForce GTX 1080 Ti, 100, 26, 9121, 11264, 246.63, 80
2026/03/25 04:12:11.795, 1, NVIDIA GeForce GTX 1080 Ti, 0, 0, 5, 11264, 9.33, 37
2026/03/25 04:12:11.798, 2, NVIDIA GeForce GTX 1080 Ti, 0, 0, 5, 11264, 9.54, 32
2026/03/25 04:12:11.800, 3, NVIDIA GeForce GTX 1080 Ti, 0, 0, 143, 11264, 9.63, 34
2026/03/25 04:12:12.803, 0, NVIDIA GeForce GTX 1080 Ti, 100, 25, 9121, 11264, 260.71, 80
2026/03/25 04:12:12.807, 1, NVIDIA GeForce GTX 1080 Ti, 0, 0, 5, 11264, 8.95, 37
2026/03/25 04:12:12.810, 2, NVIDIA GeForce GTX 1080 Ti, 0, 0, 5, 11264, 9.73, 32
2026/03/25 04:12:12.812, 3, NVIDIA GeForce GTX 1080 Ti, 0, 0, 143, 11264, 9.34, 33
2026/03/25 04:12:13.815, 0, NVIDIA GeForce GTX 1080 Ti, 100, 24, 9121, 11264, 241.34, 81
2026/03/25 04:12:13.817, 1, NVIDIA GeForce GTX 1080 Ti, 0, 0, 5, 11264, 8.95, 37
2026/03/25 04:12:13.820, 2, NVIDIA GeForce GTX 1080 Ti, 0, 0, 5, 11264, 10.12, 32
2026/03/25 04:12:13.823, 3, NVIDIA GeForce GTX 1080 Ti, 0, 0, 143, 11264, 9.15, 33
2026/03/25 04:12:14.826, 0, NVIDIA GeForce GTX 1080 Ti, 100, 24, 9121, 11264, 257.55, 81
2026/03/25 04:12:14.838, 1, NVIDIA GeForce GTX 1080 Ti, 0, 0, 5, 11264, 9.62, 37
2026/03/25 04:12:14.841, 2, NVIDIA GeForce GTX 1080 Ti, 0, 0, 5, 11264, 9.83, 32
2026/03/25 04:12:14.843, 3, NVIDIA GeForce GTX 1080 Ti, 0, 0, 143, 11264, 9.34, 33
2026/03/25 04:12:15.846, 0, NVIDIA GeForce GTX 1080 Ti, 100, 24, 9121, 11264, 254.30, 81
2026/03/25 04:12:15.848, 1, NVIDIA GeForce GTX 1080 Ti, 0, 0, 5, 11264, 9.14, 37
2026/03/25 04:12:15.851, 2, NVIDIA GeForce GTX 1080 Ti, 0, 0, 5, 11264, 9.64, 32
2026/03/25 04:12:15.854, 3, NVIDIA GeForce GTX 1080 Ti, 0, 0, 143, 11264, 9.34, 33
2026/03/25 04:12:16.856, 0, NVIDIA GeForce GTX 1080 Ti, 100, 23, 9121, 11264, 244.02, 82
2026/03/25 04:12:16.859, 1, NVIDIA GeForce GTX 1080 Ti, 0, 0, 5, 11264, 8.95, 37
2026/03/25 04:12:16.861, 2, NVIDIA GeForce GTX 1080 Ti, 0, 0, 5, 11264, 9.44, 32
2026/03/25 04:12:16.864, 3, NVIDIA GeForce GTX 1080 Ti, 0, 0, 143, 11264, 9.25, 33
2026/03/25 04:12:17.866, 0, NVIDIA GeForce GTX 1080 Ti, 94, 62, 9121, 11264, 234.65, 82
2026/03/25 04:12:17.872, 1, NVIDIA GeForce GTX 1080 Ti, 0, 0, 5, 11264, 8.85, 37
2026/03/25 04:12:17.874, 2, NVIDIA GeForce GTX 1080 Ti, 0, 0, 5, 11264, 9.35, 32
2026/03/25 04:12:17.877, 3, NVIDIA GeForce GTX 1080 Ti, 0, 0, 143, 11264, 9.05, 33
2026/03/25 04:12:18.880, 0, NVIDIA GeForce GTX 1080 Ti, 92, 61, 9121, 11264, 241.18, 82
2026/03/25 04:12:18.882, 1, NVIDIA GeForce GTX 1080 Ti, 0, 0, 5, 11264, 8.76, 37
2026/03/25 04:12:18.885, 2, NVIDIA GeForce GTX 1080 Ti, 0, 0, 5, 11264, 9.25, 32
2026/03/25 04:12:18.887, 3, NVIDIA GeForce GTX 1080 Ti, 0, 0, 143, 11264, 9.24, 33
2026/03/25 04:12:19.890, 0, NVIDIA GeForce GTX 1080 Ti, 0, 0, 9121, 11264, 72.37, 79
2026/03/25 04:12:19.892, 1, NVIDIA GeForce GTX 1080 Ti, 0, 0, 5, 11264, 8.86, 37
2026/03/25 04:12:19.895, 2, NVIDIA GeForce GTX 1080 Ti, 0, 0, 5, 11264, 9.53, 31
2026/03/25 04:12:19.897, 3, NVIDIA GeForce GTX 1080 Ti, 0, 0, 143, 11264, 9.15, 33
2026/03/25 04:12:20.900, 0, NVIDIA GeForce GTX 1080 Ti, 100, 27, 9121, 11264, 244.79, 81
2026/03/25 04:12:20.903, 1, NVIDIA GeForce GTX 1080 Ti, 0, 0, 5, 11264, 8.86, 37
2026/03/25 04:12:20.905, 2, NVIDIA GeForce GTX 1080 Ti, 0, 0, 5, 11264, 9.64, 32
2026/03/25 04:12:20.908, 3, NVIDIA GeForce GTX 1080 Ti, 0, 0, 143, 11264, 9.05, 33
2026/03/25 04:12:21.911, 0, NVIDIA GeForce GTX 1080 Ti, 100, 26, 9121, 11264, 171.86, 82
2026/03/25 04:12:21.913, 1, NVIDIA GeForce GTX 1080 Ti, 0, 0, 5, 11264, 8.56, 37
2026/03/25 04:12:21.915, 2, NVIDIA GeForce GTX 1080 Ti, 0, 0, 5, 11264, 9.25, 31
2026/03/25 04:12:21.918, 3, NVIDIA GeForce GTX 1080 Ti, 0, 0, 143, 11264, 9.05, 33
2026/03/25 04:12:22.921, 0, NVIDIA GeForce GTX 1080 Ti, 100, 25, 9121, 11264, 236.68, 82
2026/03/25 04:12:22.923, 1, NVIDIA GeForce GTX 1080 Ti, 0, 0, 5, 11264, 8.66, 37
2026/03/25 04:12:22.926, 2, NVIDIA GeForce GTX 1080 Ti, 0, 0, 5, 11264, 9.34, 31
2026/03/25 04:12:22.928, 3, NVIDIA GeForce GTX 1080 Ti, 0, 0, 143, 11264, 9.05, 33
2026/03/25 04:12:23.931, 0, NVIDIA GeForce GTX 1080 Ti, 100, 24, 9121, 11264, 226.12, 82
2026/03/25 04:12:23.939, 1, NVIDIA GeForce GTX 1080 Ti, 0, 0, 5, 11264, 8.76, 37
2026/03/25 04:12:23.941, 2, NVIDIA GeForce GTX 1080 Ti, 0, 0, 5, 11264, 9.44, 31
2026/03/25 04:12:23.944, 3, NVIDIA GeForce GTX 1080 Ti, 0, 0, 143, 11264, 9.15, 33
2026/03/25 04:12:24.946, 0, NVIDIA GeForce GTX 1080 Ti, 92, 62, 9121, 11264, 245.86, 82
2026/03/25 04:12:24.950, 1, NVIDIA GeForce GTX 1080 Ti, 0, 0, 5, 11264, 8.95, 37
2026/03/25 04:12:24.953, 2, NVIDIA GeForce GTX 1080 Ti, 0, 0, 5, 11264, 9.24, 31
2026/03/25 04:12:24.955, 3, NVIDIA GeForce GTX 1080 Ti, 0, 0, 143, 11264, 9.53, 33
2026/03/25 04:12:25.959, 0, NVIDIA GeForce GTX 1080 Ti, 0, 0, 9121, 11264, 261.05, 80
2026/03/25 04:12:25.961, 1, NVIDIA GeForce GTX 1080 Ti, 0, 0, 5, 11264, 8.76, 37
2026/03/25 04:12:25.964, 2, NVIDIA GeForce GTX 1080 Ti, 0, 0, 5, 11264, 9.15, 31
2026/03/25 04:12:25.966, 3, NVIDIA GeForce GTX 1080 Ti, 0, 0, 143, 11264, 9.53, 33
2026/03/25 04:12:26.969, 0, NVIDIA GeForce GTX 1080 Ti, 91, 24, 9121, 11264, 242.97, 82
2026/03/25 04:12:26.971, 1, NVIDIA GeForce GTX 1080 Ti, 0, 0, 5, 11264, 8.76, 37
2026/03/25 04:12:26.974, 2, NVIDIA GeForce GTX 1080 Ti, 0, 0, 5, 11264, 9.25, 31
2026/03/25 04:12:26.976, 3, NVIDIA GeForce GTX 1080 Ti, 0, 0, 143, 11264, 9.15, 33
2026/03/25 04:12:27.979, 0, NVIDIA GeForce GTX 1080 Ti, 100, 25, 9121, 11264, 259.63, 82
2026/03/25 04:12:27.989, 1, NVIDIA GeForce GTX 1080 Ti, 0, 0, 5, 11264, 9.24, 37
2026/03/25 04:12:27.992, 2, NVIDIA GeForce GTX 1080 Ti, 0, 0, 5, 11264, 9.44, 31
2026/03/25 04:12:27.995, 3, NVIDIA GeForce GTX 1080 Ti, 0, 0, 143, 11264, 11.17, 33
2026/03/25 04:12:28.997, 0, NVIDIA GeForce GTX 1080 Ti, 100, 25, 9121, 11264, 245.12, 82
2026/03/25 04:12:29.000, 1, NVIDIA GeForce GTX 1080 Ti, 0, 0, 5, 11264, 9.15, 37
2026/03/25 04:12:29.002, 2, NVIDIA GeForce GTX 1080 Ti, 0, 0, 5, 11264, 9.64, 31
2026/03/25 04:12:29.005, 3, NVIDIA GeForce GTX 1080 Ti, 0, 0, 143, 11264, 10.30, 32
2026/03/25 04:12:30.008, 0, NVIDIA GeForce GTX 1080 Ti, 100, 23, 9121, 11264, 247.13, 83
2026/03/25 04:12:30.010, 1, NVIDIA GeForce GTX 1080 Ti, 0, 0, 5, 11264, 9.05, 37
2026/03/25 04:12:30.012, 2, NVIDIA GeForce GTX 1080 Ti, 0, 0, 5, 11264, 9.35, 31
2026/03/25 04:12:30.015, 3, NVIDIA GeForce GTX 1080 Ti, 0, 0, 143, 11264, 9.72, 32
2026/03/25 04:12:31.018, 0, NVIDIA GeForce GTX 1080 Ti, 92, 62, 9121, 11264, 247.50, 83
2026/03/25 04:12:31.020, 1, NVIDIA GeForce GTX 1080 Ti, 0, 0, 5, 11264, 8.85, 37
2026/03/25 04:12:31.023, 2, NVIDIA GeForce GTX 1080 Ti, 0, 0, 5, 11264, 9.25, 31
2026/03/25 04:12:31.025, 3, NVIDIA GeForce GTX 1080 Ti, 0, 0, 143, 11264, 9.44, 32
2026/03/25 04:12:32.031, 0, NVIDIA GeForce GTX 1080 Ti, 100, 27, 9121, 11264, 248.09, 82
2026/03/25 04:12:32.036, 1, NVIDIA GeForce GTX 1080 Ti, 0, 0, 5, 11264, 8.95, 37
2026/03/25 04:12:32.039, 2, NVIDIA GeForce GTX 1080 Ti, 0, 0, 5, 11264, 9.54, 31
2026/03/25 04:12:32.042, 3, NVIDIA GeForce GTX 1080 Ti, 0, 0, 143, 11264, 9.15, 32
2026/03/25 04:12:33.045, 0, NVIDIA GeForce GTX 1080 Ti, 100, 25, 9121, 11264, 245.26, 82
2026/03/25 04:12:33.047, 1, NVIDIA GeForce GTX 1080 Ti, 0, 0, 5, 11264, 8.85, 37
2026/03/25 04:12:33.050, 2, NVIDIA GeForce GTX 1080 Ti, 0, 0, 5, 11264, 9.63, 31
2026/03/25 04:12:33.052, 3, NVIDIA GeForce GTX 1080 Ti, 0, 0, 143, 11264, 9.15, 32
2026/03/25 04:12:34.055, 0, NVIDIA GeForce GTX 1080 Ti, 100, 25, 9121, 11264, 244.74, 83
2026/03/25 04:12:34.057, 1, NVIDIA GeForce GTX 1080 Ti, 0, 0, 5, 11264, 8.95, 37
2026/03/25 04:12:34.060, 2, NVIDIA GeForce GTX 1080 Ti, 0, 0, 5, 11264, 9.83, 31
2026/03/25 04:12:34.062, 3, NVIDIA GeForce GTX 1080 Ti, 0, 0, 143, 11264, 9.05, 32
2026/03/25 04:12:35.065, 0, NVIDIA GeForce GTX 1080 Ti, 100, 25, 9121, 11264, 263.66, 83
2026/03/25 04:12:35.070, 1, NVIDIA GeForce GTX 1080 Ti, 0, 0, 5, 11264, 8.66, 37
2026/03/25 04:12:35.073, 2, NVIDIA GeForce GTX 1080 Ti, 0, 0, 5, 11264, 9.73, 31
2026/03/25 04:12:35.075, 3, NVIDIA GeForce GTX 1080 Ti, 0, 0, 143, 11264, 9.35, 32
2026/03/25 04:12:36.078, 0, NVIDIA GeForce GTX 1080 Ti, 97, 37, 9121, 11264, 247.20, 83
2026/03/25 04:12:36.080, 1, NVIDIA GeForce GTX 1080 Ti, 0, 0, 5, 11264, 8.85, 37
2026/03/25 04:12:36.083, 2, NVIDIA GeForce GTX 1080 Ti, 0, 0, 5, 11264, 9.34, 31
2026/03/25 04:12:36.086, 3, NVIDIA GeForce GTX 1080 Ti, 0, 0, 143, 11264, 9.44, 32
2026/03/25 04:12:37.088, 0, NVIDIA GeForce GTX 1080 Ti, 0, 0, 9121, 11264, 73.44, 81
2026/03/25 04:12:37.091, 1, NVIDIA GeForce GTX 1080 Ti, 0, 0, 5, 11264, 8.85, 37
2026/03/25 04:12:37.093, 2, NVIDIA GeForce GTX 1080 Ti, 0, 0, 5, 11264, 9.53, 31
2026/03/25 04:12:37.096, 3, NVIDIA GeForce GTX 1080 Ti, 0, 0, 143, 11264, 9.24, 32
2026/03/25 04:12:38.098, 0, NVIDIA GeForce GTX 1080 Ti, 100, 27, 9121, 11264, 245.66, 82
2026/03/25 04:12:38.121, 1, NVIDIA GeForce GTX 1080 Ti, 0, 0, 5, 11264, 8.76, 36
2026/03/25 04:12:38.124, 2, NVIDIA GeForce GTX 1080 Ti, 0, 0, 5, 11264, 9.54, 31
2026/03/25 04:12:38.127, 3, NVIDIA GeForce GTX 1080 Ti, 0, 0, 143, 11264, 9.34, 32
2026/03/25 04:12:39.130, 0, NVIDIA GeForce GTX 1080 Ti, 100, 26, 9121, 11264, 259.47, 83
2026/03/25 04:12:39.132, 1, NVIDIA GeForce GTX 1080 Ti, 0, 0, 5, 11264, 8.66, 37
2026/03/25 04:12:39.135, 2, NVIDIA GeForce GTX 1080 Ti, 0, 0, 5, 11264, 9.63, 31
2026/03/25 04:12:39.137, 3, NVIDIA GeForce GTX 1080 Ti, 0, 0, 143, 11264, 9.34, 32
2026/03/25 04:12:40.140, 0, NVIDIA GeForce GTX 1080 Ti, 100, 25, 9121, 11264, 250.95, 83
2026/03/25 04:12:40.149, 1, NVIDIA GeForce GTX 1080 Ti, 0, 0, 5, 11264, 8.76, 37
2026/03/25 04:12:40.152, 2, NVIDIA GeForce GTX 1080 Ti, 0, 0, 5, 11264, 9.35, 31
2026/03/25 04:12:40.155, 3, NVIDIA GeForce GTX 1080 Ti, 0, 0, 143, 11264, 9.25, 32
2026/03/25 04:12:41.157, 0, NVIDIA GeForce GTX 1080 Ti, 99, 25, 9121, 11264, 207.82, 83
2026/03/25 04:12:41.160, 1, NVIDIA GeForce GTX 1080 Ti, 0, 0, 5, 11264, 9.05, 36
2026/03/25 04:12:41.162, 2, NVIDIA GeForce GTX 1080 Ti, 0, 0, 5, 11264, 9.35, 31
2026/03/25 04:12:41.165, 3, NVIDIA GeForce GTX 1080 Ti, 0, 0, 143, 11264, 9.24, 32
2026/03/25 04:12:42.170, 0, NVIDIA GeForce GTX 1080 Ti, 90, 60, 9121, 11264, 243.65, 83
2026/03/25 04:12:42.177, 1, NVIDIA GeForce GTX 1080 Ti, 0, 0, 5, 11264, 8.66, 36
2026/03/25 04:12:42.180, 2, NVIDIA GeForce GTX 1080 Ti, 0, 0, 5, 11264, 9.24, 31
2026/03/25 04:12:42.182, 3, NVIDIA GeForce GTX 1080 Ti, 0, 0, 143, 11264, 9.15, 32
2026/03/25 04:12:43.185, 0, NVIDIA GeForce GTX 1080 Ti, 100, 27, 9121, 11264, 247.53, 82
2026/03/25 04:12:43.187, 1, NVIDIA GeForce GTX 1080 Ti, 0, 0, 5, 11264, 8.95, 36
2026/03/25 04:12:43.190, 2, NVIDIA GeForce GTX 1080 Ti, 0, 0, 5, 11264, 9.15, 31
2026/03/25 04:12:43.192, 3, NVIDIA GeForce GTX 1080 Ti, 0, 0, 143, 11264, 8.86, 32
2026/03/25 04:12:44.195, 0, NVIDIA GeForce GTX 1080 Ti, 100, 26, 9121, 11264, 258.58, 83
2026/03/25 04:12:44.197, 1, NVIDIA GeForce GTX 1080 Ti, 0, 0, 5, 11264, 8.95, 36
2026/03/25 04:12:44.200, 2, NVIDIA GeForce GTX 1080 Ti, 0, 0, 5, 11264, 9.25, 31
2026/03/25 04:12:44.203, 3, NVIDIA GeForce GTX 1080 Ti, 0, 0, 143, 11264, 9.06, 32
2026/03/25 04:12:45.206, 0, NVIDIA GeForce GTX 1080 Ti, 100, 25, 9121, 11264, 252.92, 83
2026/03/25 04:12:45.208, 1, NVIDIA GeForce GTX 1080 Ti, 0, 0, 5, 11264, 9.04, 36
2026/03/25 04:12:45.210, 2, NVIDIA GeForce GTX 1080 Ti, 0, 0, 5, 11264, 9.35, 31
2026/03/25 04:12:45.213, 3, NVIDIA GeForce GTX 1080 Ti, 0, 0, 143, 11264, 9.06, 32
2026/03/25 04:12:46.216, 0, NVIDIA GeForce GTX 1080 Ti, 100, 25, 9121, 11264, 258.85, 83
2026/03/25 04:12:46.221, 1, NVIDIA GeForce GTX 1080 Ti, 0, 0, 5, 11264, 8.95, 36
2026/03/25 04:12:46.224, 2, NVIDIA GeForce GTX 1080 Ti, 0, 0, 5, 11264, 9.54, 31
2026/03/25 04:12:46.226, 3, NVIDIA GeForce GTX 1080 Ti, 0, 0, 143, 11264, 9.44, 32
2026/03/25 04:12:47.229, 0, NVIDIA GeForce GTX 1080 Ti, 95, 64, 9121, 11264, 248.78, 83
2026/03/25 04:12:47.231, 1, NVIDIA GeForce GTX 1080 Ti, 0, 0, 5, 11264, 9.04, 36
2026/03/25 04:12:47.234, 2, NVIDIA GeForce GTX 1080 Ti, 0, 0, 5, 11264, 9.63, 31
2026/03/25 04:12:47.236, 3, NVIDIA GeForce GTX 1080 Ti, 0, 0, 143, 11264, 9.53, 32
2026/03/25 04:12:48.239, 0, NVIDIA GeForce GTX 1080 Ti, 0, 0, 9121, 11264, 73.06, 81
2026/03/25 04:12:48.241, 1, NVIDIA GeForce GTX 1080 Ti, 0, 0, 5, 11264, 8.66, 36
2026/03/25 04:12:48.244, 2, NVIDIA GeForce GTX 1080 Ti, 0, 0, 5, 11264, 9.44, 31
2026/03/25 04:12:48.246, 3, NVIDIA GeForce GTX 1080 Ti, 0, 0, 143, 11264, 9.24, 32
2026/03/25 04:12:49.249, 0, NVIDIA GeForce GTX 1080 Ti, 100, 27, 9121, 11264, 242.77, 83
2026/03/25 04:12:49.252, 1, NVIDIA GeForce GTX 1080 Ti, 0, 0, 5, 11264, 8.85, 36
2026/03/25 04:12:49.254, 2, NVIDIA GeForce GTX 1080 Ti, 0, 0, 5, 11264, 9.73, 31
2026/03/25 04:12:49.257, 3, NVIDIA GeForce GTX 1080 Ti, 0, 0, 143, 11264, 9.15, 32
2026/03/25 04:12:50.259, 0, NVIDIA GeForce GTX 1080 Ti, 97, 25, 9121, 11264, 260.60, 83
2026/03/25 04:12:50.262, 1, NVIDIA GeForce GTX 1080 Ti, 0, 0, 5, 11264, 8.95, 36
2026/03/25 04:12:50.264, 2, NVIDIA GeForce GTX 1080 Ti, 0, 0, 5, 11264, 11.47, 31
2026/03/25 04:12:50.272, 3, NVIDIA GeForce GTX 1080 Ti, 0, 0, 143, 11264, 9.06, 32
2026/03/25 04:12:51.275, 0, NVIDIA GeForce GTX 1080 Ti, 97, 24, 9121, 11264, 246.63, 83
2026/03/25 04:12:51.283, 1, NVIDIA GeForce GTX 1080 Ti, 0, 0, 5, 11264, 8.47, 36
2026/03/25 04:12:51.285, 2, NVIDIA GeForce GTX 1080 Ti, 0, 0, 5, 11264, 9.93, 31
2026/03/25 04:12:51.288, 3, NVIDIA GeForce GTX 1080 Ti, 0, 0, 143, 11264, 9.15, 32
2026/03/25 04:12:52.291, 0, NVIDIA GeForce GTX 1080 Ti, 97, 24, 9121, 11264, 244.71, 84
2026/03/25 04:12:52.293, 1, NVIDIA GeForce GTX 1080 Ti, 0, 0, 5, 11264, 8.76, 36
2026/03/25 04:12:52.296, 2, NVIDIA GeForce GTX 1080 Ti, 0, 0, 5, 11264, 9.82, 31
2026/03/25 04:12:52.298, 3, NVIDIA GeForce GTX 1080 Ti, 0, 0, 143, 11264, 9.44, 32
2026/03/25 04:12:53.301, 0, NVIDIA GeForce GTX 1080 Ti, 100, 24, 9121, 11264, 245.01, 84
2026/03/25 04:12:53.304, 1, NVIDIA GeForce GTX 1080 Ti, 0, 0, 5, 11264, 8.76, 36
2026/03/25 04:12:53.306, 2, NVIDIA GeForce GTX 1080 Ti, 0, 0, 5, 11264, 9.54, 31
2026/03/25 04:12:53.309, 3, NVIDIA GeForce GTX 1080 Ti, 0, 0, 143, 11264, 9.15, 32
2026/03/25 04:12:54.312, 0, NVIDIA GeForce GTX 1080 Ti, 100, 24, 9121, 11264, 231.61, 84
2026/03/25 04:12:54.314, 1, NVIDIA GeForce GTX 1080 Ti, 0, 0, 5, 11264, 8.66, 36
2026/03/25 04:12:54.316, 2, NVIDIA GeForce GTX 1080 Ti, 0, 0, 5, 11264, 9.25, 31
2026/03/25 04:12:54.319, 3, NVIDIA GeForce GTX 1080 Ti, 0, 0, 143, 11264, 9.25, 32
2026/03/25 04:12:55.322, 0, NVIDIA GeForce GTX 1080 Ti, 100, 24, 9121, 11264, 224.84, 84
2026/03/25 04:12:55.324, 1, NVIDIA GeForce GTX 1080 Ti, 0, 0, 5, 11264, 8.57, 36
2026/03/25 04:12:55.327, 2, NVIDIA GeForce GTX 1080 Ti, 0, 0, 5, 11264, 9.44, 31
2026/03/25 04:12:55.329, 3, NVIDIA GeForce GTX 1080 Ti, 0, 0, 143, 11264, 9.06, 31
2026/03/25 04:12:56.332, 0, NVIDIA GeForce GTX 1080 Ti, 100, 24, 9121, 11264, 247.47, 83
2026/03/25 04:12:56.344, 1, NVIDIA GeForce GTX 1080 Ti, 0, 0, 5, 11264, 8.76, 36
2026/03/25 04:12:56.346, 2, NVIDIA GeForce GTX 1080 Ti, 0, 0, 5, 11264, 9.54, 31
2026/03/25 04:12:56.349, 3, NVIDIA GeForce GTX 1080 Ti, 0, 0, 143, 11264, 8.96, 32
2026/03/25 04:12:57.352, 0, NVIDIA GeForce GTX 1080 Ti, 97, 22, 9121, 11264, 246.32, 84
2026/03/25 04:12:57.354, 1, NVIDIA GeForce GTX 1080 Ti, 0, 0, 5, 11264, 8.66, 36
2026/03/25 04:12:57.357, 2, NVIDIA GeForce GTX 1080 Ti, 0, 0, 5, 11264, 9.25, 31
2026/03/25 04:12:57.359, 3, NVIDIA GeForce GTX 1080 Ti, 0, 0, 143, 11264, 9.05, 31
2026/03/25 04:12:58.362, 0, NVIDIA GeForce GTX 1080 Ti, 97, 22, 9121, 11264, 217.15, 84
2026/03/25 04:12:58.375, 1, NVIDIA GeForce GTX 1080 Ti, 0, 0, 5, 11264, 8.75, 36
2026/03/25 04:12:58.378, 2, NVIDIA GeForce GTX 1080 Ti, 0, 0, 5, 11264, 9.35, 31
2026/03/25 04:12:58.380, 3, NVIDIA GeForce GTX 1080 Ti, 0, 0, 143, 11264, 8.95, 31
2026/03/25 04:12:59.383, 0, NVIDIA GeForce GTX 1080 Ti, 97, 23, 9121, 11264, 236.85, 84
2026/03/25 04:12:59.385, 1, NVIDIA GeForce GTX 1080 Ti, 0, 0, 5, 11264, 8.76, 36
2026/03/25 04:12:59.388, 2, NVIDIA GeForce GTX 1080 Ti, 0, 0, 5, 11264, 9.34, 31
2026/03/25 04:12:59.390, 3, NVIDIA GeForce GTX 1080 Ti, 0, 0, 143, 11264, 9.06, 31
2026/03/25 04:13:00.393, 0, NVIDIA GeForce GTX 1080 Ti, 97, 23, 9121, 11264, 238.21, 84
2026/03/25 04:13:00.395, 1, NVIDIA GeForce GTX 1080 Ti, 0, 0, 5, 11264, 8.95, 36
2026/03/25 04:13:00.398, 2, NVIDIA GeForce GTX 1080 Ti, 0, 0, 5, 11264, 9.16, 31
2026/03/25 04:13:00.400, 3, NVIDIA GeForce GTX 1080 Ti, 0, 0, 143, 11264, 9.15, 31
2026/03/25 04:13:01.403, 0, NVIDIA GeForce GTX 1080 Ti, 99, 24, 9121, 11264, 213.62, 84
2026/03/25 04:13:01.405, 1, NVIDIA GeForce GTX 1080 Ti, 0, 0, 5, 11264, 8.85, 36
2026/03/25 04:13:01.408, 2, NVIDIA GeForce GTX 1080 Ti, 0, 0, 5, 11264, 8.96, 31
2026/03/25 04:13:01.411, 3, NVIDIA GeForce GTX 1080 Ti, 0, 0, 143, 11264, 9.15, 31
2026/03/25 04:13:02.413, 0, NVIDIA GeForce GTX 1080 Ti, 94, 63, 9121, 11264, 216.75, 83
2026/03/25 04:13:02.423, 1, NVIDIA GeForce GTX 1080 Ti, 0, 0, 5, 11264, 8.76, 36
2026/03/25 04:13:02.426, 2, NVIDIA GeForce GTX 1080 Ti, 0, 0, 5, 11264, 9.44, 31
2026/03/25 04:13:02.428, 3, NVIDIA GeForce GTX 1080 Ti, 0, 0, 143, 11264, 9.44, 31
2026/03/25 04:13:03.431, 0, NVIDIA GeForce GTX 1080 Ti, 55, 38, 9121, 11264, 73.43, 82
2026/03/25 04:13:03.433, 1, NVIDIA GeForce GTX 1080 Ti, 0, 0, 5, 11264, 8.85, 36
2026/03/25 04:13:03.436, 2, NVIDIA GeForce GTX 1080 Ti, 0, 0, 5, 11264, 9.15, 31
2026/03/25 04:13:03.439, 3, NVIDIA GeForce GTX 1080 Ti, 0, 0, 143, 11264, 9.53, 31
2026/03/25 04:13:04.441, 0, NVIDIA GeForce GTX 1080 Ti, 100, 26, 9121, 11264, 243.62, 83
2026/03/25 04:13:04.444, 1, NVIDIA GeForce GTX 1080 Ti, 0, 0, 5, 11264, 9.43, 36
2026/03/25 04:13:04.446, 2, NVIDIA GeForce GTX 1080 Ti, 0, 0, 5, 11264, 9.25, 31
2026/03/25 04:13:04.449, 3, NVIDIA GeForce GTX 1080 Ti, 0, 0, 143, 11264, 9.35, 31
2026/03/25 04:13:05.452, 0, NVIDIA GeForce GTX 1080 Ti, 100, 25, 9121, 11264, 235.92, 83
2026/03/25 04:13:05.454, 1, NVIDIA GeForce GTX 1080 Ti, 0, 0, 5, 11264, 9.05, 36
2026/03/25 04:13:05.456, 2, NVIDIA GeForce GTX 1080 Ti, 0, 0, 5, 11264, 9.35, 31
2026/03/25 04:13:05.459, 3, NVIDIA GeForce GTX 1080 Ti, 0, 0, 143, 11264, 9.34, 31
2026/03/25 04:13:06.462, 0, NVIDIA GeForce GTX 1080 Ti, 100, 23, 9121, 11264, 228.19, 84
2026/03/25 04:13:06.472, 1, NVIDIA GeForce GTX 1080 Ti, 0, 0, 5, 11264, 9.34, 36
2026/03/25 04:13:06.479, 2, NVIDIA GeForce GTX 1080 Ti, 0, 0, 5, 11264, 9.82, 31
2026/03/25 04:13:06.483, 3, NVIDIA GeForce GTX 1080 Ti, 0, 0, 143, 11264, 8.95, 31
2026/03/25 04:13:07.486, 0, NVIDIA GeForce GTX 1080 Ti, 100, 23, 9121, 11264, 190.08, 83
2026/03/25 04:13:07.494, 1, NVIDIA GeForce GTX 1080 Ti, 0, 0, 5, 11264, 9.82, 36
2026/03/25 04:13:07.497, 2, NVIDIA GeForce GTX 1080 Ti, 0, 0, 5, 11264, 9.44, 31
2026/03/25 04:13:07.499, 3, NVIDIA GeForce GTX 1080 Ti, 0, 0, 143, 11264, 8.86, 31
2026/03/25 04:13:08.502, 0, NVIDIA GeForce GTX 1080 Ti, 90, 61, 9121, 11264, 228.57, 83
2026/03/25 04:13:08.507, 1, NVIDIA GeForce GTX 1080 Ti, 0, 0, 5, 11264, 9.14, 36
2026/03/25 04:13:08.510, 2, NVIDIA GeForce GTX 1080 Ti, 0, 0, 5, 11264, 9.44, 31
2026/03/25 04:13:08.512, 3, NVIDIA GeForce GTX 1080 Ti, 0, 0, 143, 11264, 9.15, 31
2026/03/25 04:13:09.515, 0, NVIDIA GeForce GTX 1080 Ti, 93, 62, 9121, 11264, 216.77, 83
2026/03/25 04:13:09.524, 1, NVIDIA GeForce GTX 1080 Ti, 0, 0, 5, 11264, 8.66, 36
2026/03/25 04:13:09.526, 2, NVIDIA GeForce GTX 1080 Ti, 0, 0, 5, 11264, 9.15, 31
2026/03/25 04:13:09.529, 3, NVIDIA GeForce GTX 1080 Ti, 0, 0, 143, 11264, 8.86, 31
2026/03/25 04:13:10.531, 0, NVIDIA GeForce GTX 1080 Ti, 96, 63, 9121, 11264, 236.71, 84
2026/03/25 04:13:10.534, 1, NVIDIA GeForce GTX 1080 Ti, 0, 0, 5, 11264, 8.66, 36
2026/03/25 04:13:10.536, 2, NVIDIA GeForce GTX 1080 Ti, 0, 0, 5, 11264, 9.15, 31
2026/03/25 04:13:10.539, 3, NVIDIA GeForce GTX 1080 Ti, 0, 0, 143, 11264, 8.86, 31
2026/03/25 04:13:11.541, 0, NVIDIA GeForce GTX 1080 Ti, 94, 63, 9121, 11264, 245.77, 84
2026/03/25 04:13:11.552, 1, NVIDIA GeForce GTX 1080 Ti, 0, 0, 5, 11264, 8.76, 36
2026/03/25 04:13:11.555, 2, NVIDIA GeForce GTX 1080 Ti, 0, 0, 5, 11264, 9.25, 31
2026/03/25 04:13:11.557, 3, NVIDIA GeForce GTX 1080 Ti, 0, 0, 143, 11264, 8.95, 31
2026/03/25 04:13:12.560, 0, NVIDIA GeForce GTX 1080 Ti, 94, 62, 9121, 11264, 224.63, 83
2026/03/25 04:13:12.562, 1, NVIDIA GeForce GTX 1080 Ti, 0, 0, 5, 11264, 8.95, 36
2026/03/25 04:13:12.565, 2, NVIDIA GeForce GTX 1080 Ti, 0, 0, 5, 11264, 9.06, 31
2026/03/25 04:13:12.568, 3, NVIDIA GeForce GTX 1080 Ti, 0, 0, 143, 11264, 8.95, 31
2026/03/25 04:13:13.570, 0, NVIDIA GeForce GTX 1080 Ti, 100, 27, 9121, 11264, 258.59, 83
2026/03/25 04:13:13.573, 1, NVIDIA GeForce GTX 1080 Ti, 0, 0, 5, 11264, 8.75, 36
2026/03/25 04:13:13.575, 2, NVIDIA GeForce GTX 1080 Ti, 0, 0, 5, 11264, 9.06, 31
2026/03/25 04:13:13.578, 3, NVIDIA GeForce GTX 1080 Ti, 0, 0, 143, 11264, 8.95, 31
2026/03/25 04:13:14.580, 0, NVIDIA GeForce GTX 1080 Ti, 100, 25, 9121, 11264, 238.79, 84
2026/03/25 04:13:14.586, 1, NVIDIA GeForce GTX 1080 Ti, 0, 0, 5, 11264, 8.66, 36
2026/03/25 04:13:14.588, 2, NVIDIA GeForce GTX 1080 Ti, 0, 0, 5, 11264, 9.54, 30
2026/03/25 04:13:14.591, 3, NVIDIA GeForce GTX 1080 Ti, 0, 0, 143, 11264, 9.15, 31
2026/03/25 04:13:15.594, 0, NVIDIA GeForce GTX 1080 Ti, 100, 24, 9121, 11264, 233.70, 84
2026/03/25 04:13:15.596, 1, NVIDIA GeForce GTX 1080 Ti, 0, 0, 5, 11264, 8.76, 36
2026/03/25 04:13:15.598, 2, NVIDIA GeForce GTX 1080 Ti, 0, 0, 5, 11264, 9.54, 30
2026/03/25 04:13:15.601, 3, NVIDIA GeForce GTX 1080 Ti, 0, 0, 143, 11264, 8.95, 31
2026/03/25 04:13:16.604, 0, NVIDIA GeForce GTX 1080 Ti, 100, 24, 9121, 11264, 237.43, 84
2026/03/25 04:13:16.611, 1, NVIDIA GeForce GTX 1080 Ti, 0, 0, 5, 11264, 8.76, 36
2026/03/25 04:13:16.613, 2, NVIDIA GeForce GTX 1080 Ti, 0, 0, 5, 11264, 9.73, 30
2026/03/25 04:13:16.616, 3, NVIDIA GeForce GTX 1080 Ti, 0, 0, 143, 11264, 9.15, 31
2026/03/25 04:13:17.619, 0, NVIDIA GeForce GTX 1080 Ti, 94, 44, 9121, 11264, 246.13, 83
2026/03/25 04:13:17.631, 1, NVIDIA GeForce GTX 1080 Ti, 0, 0, 5, 11264, 9.04, 36
2026/03/25 04:13:17.634, 2, NVIDIA GeForce GTX 1080 Ti, 0, 0, 5, 11264, 9.35, 31
2026/03/25 04:13:17.637, 3, NVIDIA GeForce GTX 1080 Ti, 0, 0, 143, 11264, 9.05, 31
